confidence,agg_type,dest_table,ldb.ltbl,name_score,col_score,total,top2,top3
HIGH,liquidacionDiariaCredito_type,LIQUIDACIONDIARIACREDITO_TYPE,dbCR.crtbcred_liqd_diar,1.0,0.942,6.242,dbFC.fctbdeta_liqd_cred,dbFC.fctbliqd_msva_rent_cred
HIGH,devengamientoCarteraDetalle_type,DEVENGAMIENTOCARTERADETALLE_TYPE,dbCR.crtbdvgo_cart_deta,1.0,0.915,6.215,dbCR.crtbdvgo_cart_deta_temp,dbCR.crtbdvgo_cart_deta_mens
HIGH,cobranzaJudicialDetalle_type,COBRANZAJUDICIALDETALLE_TYPE,dbCR.crtbcobr_judi_deta,1.0,0.825,6.125,dbCR.crtbcobr_judi_dist,dbCR.crtbtipo_cobr_judi
HIGH,documentoCredito_type,DOCUMENTOCREDITO_TYPE,dbCR.crtbdocu_cred,1.0,0.8,6.1,dbCG.cgtbtipo_docu_cdio,dbCR.crtbdcto_cred
HIGH,recuperacionConvenio_type,RECUPERACIONCONVENIO_TYPE,dbCR.crtbrecu_conv,1.0,0.659,5.959,dbCR.crtbconv_pago,dbCR.crtbdeud_conv
HIGH,obligacionRol_type,OBLIGACIONROL_TYPE,dbCR.crtbobli_rol,1.0,0.65,5.95,dbCR.crtbobli_dcto,dbCR.crtoblig
HIGH,devengamientoCartera_type,DEVENGAMIENTOCARTERA_TYPE,dbCR.crtbdvgo_cart_deta,1.0,0.622,5.922,dbCR.crtbdvgo_cart_deta_temp,dbCR.crtbdvgo_cart_deta_diar
HIGH,cobranzaJudicial_type,COBRANZAJUDICIAL_TYPE,dbCR.crtbcobr_judi_dist,1.0,0.492,5.792,dbCR.crtbcobr_judi_deta,dbCR.crtbtipo_cobr_judi
HIGH,rubroCobranza_type,RUBROCOBRANZA_TYPE,dbCR.crtrubros_cobr,1.0,0.444,5.744,dbCR.crtbcobr_judi_dist,dbCR.crtbcobr_judi_deta
HIGH,planPago_type,PLANPAGO_TYPE,dbCR.crtplpag,1.0,0.682,5.682,dbCR.crtplpag_segu_incd,dbCR.crtplpag_segu_vehi
HIGH,procesoAccionType,PROCESOACCIONTYPE,dbCT.cttbproc_obse_tran,1.0,0.425,5.425,dbCR.crtbproc_reve_masi,dbFC.fctbAPS_acci
HIGH,saldoCarteraDetalle_type,SALDOCARTERADETALLE_TYPE,dbCR.crtbsald_cart_deta,0.667,0.882,4.516,dbCR.crtbdvgo_cart_deta,dbCR.crtbdvgo_cart_deta_temp
HIGH,devolucionMasivaDetalle_type,DEVOLUCIONMASIVADETALLE_TYPE,dbCR.crtbdevo_masi_deta,0.667,0.855,4.489,dbFC.sfct_devolucion_detalle,dbCR.crtbdbso_devo
HIGH,cobranzaJudicialDistribucion_type,COBRANZAJUDICIALDISTRIBUCION_TYPE,dbCR.crtbcobr_judi_dist,0.667,0.761,4.395,dbCR.crtbcobr_judi_deta,dbCR.crtbtipo_cobr_judi
HIGH,rubrosCobranzaDetalle_type,RUBROSCOBRANZADETALLE_TYPE,dbCR.crtrubros_cobr,0.667,0.762,4.395,dbCR.crtbcobr_judi_deta,dbFC.fctbdeta_liqd_ante_cnta_cobr
HIGH,convenioPagoCredito_type,CONVENIOPAGOCREDITO_TYPE,dbCR.crtbconv_pago,0.667,0.719,4.352,dbCR.crtbesta_conv_cred,dbCR.crtbplpg_conv
HIGH,estadoConvenioCredito_type,ESTADOCONVENIOCREDITO_TYPE,dbCR.crtbesta_conv_cred,0.667,0.713,4.346,dbCR.crtbcred_prea_whts,dbCR.crtbrecu_conv
HIGH,autorizacionCreditoDetalle_type,AUTORIZACIONCREDITODETALLE_TYPE,dbCR.crtbcred_autr_deta,0.667,0.64,4.273,dbFC.fctbdeta_liqd_cred,dbCR.crtbcred_autr
HIGH,gestionCobranzaAsignacion_type,GESTIONCOBRANZAASIGNACION_TYPE,dbCR.crtbgest_cart_asig,0.667,0.635,4.268,dbCR.crtbcobr_judi_dist,dbCR.crtbgest_mail
HIGH,planPagoAjuste_type,PLANPAGOAJUSTE_TYPE,dbCR.crtbplan_ajus,0.667,0.625,4.258,dbCR.crtplpag,dbCR.crtplpag_segu_incd
HIGH,calificacionCarteraDetalle_type,CALIFICACIONCARTERADETALLE_TYPE,dbCR.crtbdvgo_cart_deta_diar,0.667,0.525,4.159,dbCR.crtbdvgo_cart_deta,dbCR.crtbdvgo_cart_deta_mens
HIGH,reporteSBSOperacionAnterior_type,REPORTESBSOPERACIONANTERIOR_TYPE,dbCR.crtbctrl_oper_ante_sibs,0.667,0.506,4.139,dbCR.crtbdope_ante_sibs,dbCR.crtbdsal_oper
HIGH,reporteSBSGarantiaReal_type,REPORTESBSGARANTIAREAL_TYPE,dbCR.crtbinfo_gara_real_sibs,0.667,0.483,4.117,dbCR.crtbgara_real,dbCR.crtbgara_real_hist
HIGH,etapaJudicialCredito_type,ETAPAJUDICIALCREDITO_TYPE,dbCR.crtbccbr_cred_judi,0.667,0.411,4.044,dbCR.crtbetap_juci,dbCR.crtbtipo_cobr_judi
HIGH,cuentaAutomaticaDetalle_type,CUENTAAUTOMATICADETALLE_TYPE,dbCG.cgtbprod_cnta_auto,0.667,0.402,3.735,dbFC.fctbdeta_liqd_cnta,dbFC.fctbdeta_liqd_ante_cnta_cobr
HIGH,pagoCredito_type,PAGOCREDITO_TYPE,dbCR.crtpagos,0.5,0.809,3.609,dbCR.crtbpago_deta_abgd,dbCR.crtbcred_prea_whts
HIGH,desembolsoDevolucion_type,DESEMBOLSODEVOLUCION_TYPE,dbCR.crtbdbso_devo,0.5,0.808,3.608,dbCR.crtbdevo_judi_vntl,dbCR.crtbtrmv_devo_zona
HIGH,sobranteCredito_type,SOBRANTECREDITO_TYPE,dbCR.crtsobrante,0.5,0.796,3.596,dbCR.crtrepo_sobr,dbCR.crtbrepo_sobr
HIGH,operacionConyugal_type,OPERACIONCONYUGAL_TYPE,dbCR.crtboper_dref_liqd,0.5,0.783,3.583,dbCR.crtbdsal_oper,dbCR.crtboper_cony
HIGH,cuotaConvenio_type,CUOTACONVENIO_TYPE,dbCR.crtbplpg_conv,0.5,0.765,3.565,dbCR.crtbcuot_venc,dbCR.crtbconv_pago
HIGH,transaccionRecuperacion_type,TRANSACCIONRECUPERACION_TYPE,dbCR.crtbrecu_conv,0.5,0.761,3.561,dbIM.imtbgrcl_tran_temp,dbIM.imtbgrcl_tran
HIGH,sobranteCaucion_type,SOBRANTECAUCIÓN_TYPE,dbCR.crtbsobr_caut,0.5,0.745,3.545,dbCR.crtsobrante,dbCR.crtrepo_sobr
HIGH,cancelacionCredito_type,CANCELACIONCREDITO_TYPE,dbCR.crtboper_canc,0.5,0.736,3.536,dbCR.crtbcred_part,dbCR.crtbcred_plzo_venc
HIGH,solidarioCredito_type,SOLIDARIOCREDITO_TYPE,dbCR.crtsolid,0.5,0.731,3.531,dbCR.crtbcred_prea_whts,dbCR.crtbcred_liqd_diar
HIGH,saldoCartera_type,SALDOCARTERA_TYPE,dbCR.crtbsald_cart,0.5,0.716,3.516,dbCR.crtbsald_cart_deta_diar,dbCR.crtbdvgo_cart_deta_diar
HIGH,detalleRecuperacion_type,DETALLERECUPERACION_TYPE,dbCR.crtbrecu_conv,0.5,0.696,3.496,dbCR.crtbcobr_judi_deta,dbCR.crtbpago_deta_abgd
HIGH,recuperacionCredito_type,RECUPERACIONCREDITO_TYPE,dbCR.crtbrecu_conv,0.5,0.688,3.488,dbCR.crtbccbr_cred_venc,dbCR.crtbcred_prea_whts
HIGH,abonoExtraordinario_type,ABONOEXTRAORDINARIO_TYPE,dbCR.crtbabno_extr,0.5,0.61,3.41,dbCR.crtbreve_abno,dbCR.crtbdpar_abno
HIGH,pagosCreditoType,PAGOSCREDITOTYPE,dbCR.crtbcred_prea_whts,0.5,0.602,3.402,dbCR.crtpagos,dbCR.crtbcred_liqd_diar
HIGH,contabilizacionCredito_type,CONTABILIZACIONCREDITO_TYPE,dbCR.crtbcaut_cred,0.5,0.6,3.4,dbCR.crtbcred_prea_whts,dbCR.crtbcred_plzo_venc
HIGH,informacionLegal_type,INFORMACIONLEGAL_TYPE,dbCR.crtbinfo_legl,0.5,0.579,3.379,dbCR.crtbinfo_gara_real_sibs,dbFC.fctbactu_afil_info
HIGH,referenciaDeudor_type,REFERENCIADEUDOR_TYPE,dbCR.crtbdeud_conv,0.5,0.57,3.37,dbCR.crtbtipo_deud,dbCR.crtbtipo_deud_sibs
HIGH,sobranteDistribucion_type,SOBRANTEDISTRIBUCION_TYPE,dbCR.crtsobrante,0.5,0.535,3.335,dbCR.crtbcaju_sobr,dbCR.crtbrepo_sobr
HIGH,devolucionMasiva_type,DEVOLUCIONMASIVA_TYPE,dbCR.crtbdevo_masi_deta,0.5,0.489,3.289,dbCR.crtbdevo_masi,dbCR.crtbdbso_devo
HIGH,caucionCredito_type,CAUCIONCREDITO_TYPE,dbCR.crtbccbr_cred_judi,0.5,0.485,3.285,dbCR.crtbcred_liqd_diar,dbCR.crtbgrup_cred_dcto
HIGH,tipoSobrante_type,TIPOSOBRANTE_TYPE,dbCR.crtrepo_sobr,0.5,0.432,3.232,dbCR.crtsobrante,dbCR.crtbsobr_caut
HIGH,autorizacionCredito_type,AUTORIZACIONCREDITO_TYPE,dbCR.crtbccbr_cred_judi,0.5,0.408,3.208,dbCR.crtbcred_part,dbCR.crtbcred_plzo_venc
HIGH,reporteSBSCabecera_type,REPORTESBSCABECERA_TYPE,dbCR.crtrepo_sobr,0.5,0.407,3.207,dbCR.crtrepo_abno,dbCR.crtbrepo_ocan_sapl
HIGH,fechasProcesoType,FECHASPROCESOTYPE,dbFC.fctbproc_tseg_noti,0.5,0.566,3.066,dbCR.crtbproc_reve_masi,dbCR.crtbreve_proc_msvo
MEDIUM,calificacionCartera_type,CALIFICACIONCARTERA_TYPE,dbCR.crtbcart_calf_prov,1.0,0.335,5.635,dbCR.crtbdcal_cart,dbCR.crtbccal_cart
MEDIUM,cuentaCxPCxCType,CUENTACXPCXCTYPE,dbCR.crtbcdeb_cnta,1.0,0.181,5.481,dbCG.cgtbrepo_anls_cnta,dbCR.crtbddeb_cnta
MEDIUM,creditoType,CREDITOTYPE,dbCR.crtbcred_prea_whts,1.0,0.169,5.469,dbCR.crtbrngo_autr_cred,dbCR.crtbccbr_cred_judi
MEDIUM,cuentaType,CUENTATYPE,dbCR.crtbcdeb_cnta,1.0,0.09,5.39,dbCR.crtbddeb_cnta,dbFC.fctbmvto_impr_esta_cnta
MEDIUM,seguroCredito_type,SEGUROCREDITO_TYPE,dbCR.crtbsegu_cred,1.0,0.068,5.368,dbCR.crtbcred_prea_whts,dbCR.crtboblg_segu_vehi
MEDIUM,tipoCredito_type,TIPOCREDITO_TYPE,dbCR.crtbtipo_cred_sibs,1.0,0.056,5.356,dbCG.cgtbtipo_docu_cdio,dbCG.cgtbtipo_vehi_cdio
MEDIUM,cuentaAutomatica_type,CUENTAAUTOMATICA_TYPE,dbCG.cgtbprod_cnta_auto,1.0,0.337,5.337,dbCR.crtbdbso_auto,dbCR.crtbddeb_cnta
MEDIUM,garantiaCredito_type,GARANTIACREDITO_TYPE,dbCG.cgtbgara_hipo_cdio,1.0,0.306,5.306,dbCG.cgtbgara_vehi_cdio,dbFC.fctbdret_volu_cred_gara
MEDIUM,saldoCxPCxCType,SALDOCXPCXCTYPE,dbFC.sfct_saldos_diarios_afiliados,1.0,0.158,5.158,dbFC.sfct_saldos_diarios,dbFC.sfct_saldos_horizontales
MEDIUM,grupoCreditoDocumento_type,GRUPOCREDITODOCUMENTO_TYPE,dbCR.crtbdocu_cred,0.667,0.34,3.973,dbCG.cgtbtipo_docu_cdio,dbCR.crtbgrup_cred_dcto
MEDIUM,tasaInteresCredito_type,TASAINTERESCREDITO_TYPE,dbCR.crtbrngo_intr_cred,0.667,0.215,3.848,dbCR.crtbcred_liqd_diar,dbCR.crtbccbr_cred_judi
MEDIUM,gestionComunicacionCredito_type,GESTIONCOMUNICACIONCREDITO_TYPE,dbCR.crtbgest_cred,0.667,0.178,3.811,dbCR.crtbgest_llam,dbCR.crtbgest_noti_escr
MEDIUM,grupoCreditoDetalle_type,GRUPOCREDITODETALLE_TYPE,dbFC.fctbdeta_liqd_cred,0.667,0.334,3.667,dbCR.crtbcred_autr_deta,dbCR.crtbcred_prea_whts
MEDIUM,cuentaPorCobrarType,CUENTAPORCOBRARTYPE,dbCG.cgtbrepo_anls_cnta,0.667,0.045,3.378,dbCR.crtrepo_abno,dbCR.crtbrepo_gene_cbot
MEDIUM,refinanciamientoCreditoType,REFINANCIAMIENTOCREDITOTYPE,dbCR.crtbcred_prea_whts,0.5,0.398,3.198,dbCR.crtbcred_liqd_diar,dbCR.crtbccbr_cred_judi
MEDIUM,precalificacionCredito_type,PRECALIFICACIONCREDITO_TYPE,dbCR.crtbccbr_cred_judi,0.5,0.387,3.187,dbCR.crtbccbr_cred_venc,dbCR.crtbcred_prea_whts
MEDIUM,devolucionCredito_type,DEVOLUCIONCREDITO_TYPE,dbCR.crtbdbso_devo,0.5,0.381,3.181,dbCR.crtbdevo_judi_vntl,dbCR.crtbcred_prea_whts
MEDIUM,personaCreditoType,PERSONACREDITOTYPE,dbCR.crtbcred_part,0.5,0.346,3.146,dbCR.crtbcred_prea_whts,dbCR.crtbdcto_cred
MEDIUM,desembolsoCredito_type,DESEMBOLSOCREDITO_TYPE,dbCR.crtbcred_prea_whts,0.5,0.323,3.123,dbCR.crtbcred_part,dbCR.crtbccbr_cred_judi
MEDIUM,reporteSBSDetalle_type,REPORTESBSDETALLE_TYPE,dbCR.crtrepo_sobr,0.5,0.281,3.081,dbCR.crtbrepo_sobr,dbCR.crtbrepo_ocan_sapl
MEDIUM,cuotaCreditoType,CUOTACREDITOTYPE,dbCR.crtbrngo_autr_cred,0.5,0.131,2.931,dbCR.crtbrngo_cred,dbCR.crtbcred_prea_whts
MEDIUM,cuentaCuotasType,CUENTACUOTASTYPE,dbCR.crtbcdeb_cnta,0.5,0.09,2.89,dbCR.crtbddeb_cnta,dbFC.fctbcinf_liqd_cnta_sibs
MEDIUM,referenciaCliente_type,REFERENCIACLIENTE_TYPE,dbFC.sfct_afiliado_referencias,0.5,0.353,2.853,dbFC.sfct_referencias,dbCR.crtbprec
MEDIUM,cuentaPersonasType,CUENTAPERSONASTYPE,dbFC.fctbmvto_impr_esta_cnta,0.5,0.327,2.827,dbCR.crtbcdeb_cnta,dbCR.crtbddeb_cnta
MEDIUM,medidaJudicialType,MEDIDAJUDICIALTYPE,dbCR.crtbccbr_cred_judi,0.5,0.0,2.8,dbCR.crtbcobr_judi_deta,dbCR.crtbcobr_judi_dist
MEDIUM,unidadJudicialType,UNIDADJUDICIALTYPE,dbCR.crtbccbr_cred_judi,0.5,0.0,2.8,dbCR.crtbcobr_judi_deta,dbCR.crtbcobr_judi_dist
MEDIUM,estadoLegalType,ESTADOLEGALTYPE,dbCT.cttbesta_docu_inve,0.5,0.247,2.747,dbFC.sfct_estados_afiliado,dbCR.crtoblig
MEDIUM,reporteSBSSaldoOperacion_type,REPORTESBSSALDOOPERACION_TYPE,dbCR.crtbdsal_oper,0.333,0.735,2.702,dbCR.crtbdsal_oper_sibs,dbCR.crtrepo_abno
MEDIUM,saldoVinculadoType,SALDOVINCULADOTYPE,dbFC.sfct_saldos_diarios_afiliados,0.5,0.19,2.69,dbFC.sfct_saldos_diarios,dbFC.sfct_saldos_horizontales
MEDIUM,cuentasEnLegalType,CUENTASENLEGALTYPE,dbFC.fctbdinf_liqd_cnta_sibs,0.5,0.117,2.617,dbFC.fctbcinf_liqd_cnta_sibs,dbFC.sfct_cuentas_bce
MEDIUM,reporteSBSOperacionCancelada_type,REPORTESBSOPERACIONCANCELADA_TYPE,dbCR.crtbdsal_oper,0.333,0.602,2.569,dbCR.crtbdsal_oper_sibs,dbCT.cttbrepo_gene
MEDIUM,costoFinancieroCredito_type,COSTOFINANCIEROCREDITO_TYPE,dbCR.crtbcred_prea_whts,0.333,0.55,2.516,dbCR.crtbcred_part,dbCR.crtbcred_liqd_diar
MEDIUM,flujoTrabajoCredito_type,FLUJOTRABAJOCREDITO_TYPE,dbCR.crtbcred_part,0.333,0.476,2.442,dbCR.crtbcred_prea_whts,dbCR.crtbccbr_cred_judi
MEDIUM,reporteSBSOperacionConcedida_type,REPORTESBSOPERACIONCONCEDIDA_TYPE,dbCR.crtbdsal_oper,0.333,0.461,2.427,dbCR.crtbrepo_sobr,dbCT.cttbrepo_gene
MEDIUM,reporteSBSSujetoRiesgo_type,REPORTESBSSUJETORIESGO_TYPE,dbCR.crtbrepo_sobr,0.333,0.381,2.348,dbCR.crtrepo_sobr,dbCR.crtbrepo_ocan_sapl
MEDIUM,conceptoGastoJudicialType,CONCEPTOGASTOJUDICIALTYPE,dbCR.crtbccbr_cred_judi,0.333,0.34,2.307,dbCR.crtbcobr_judi_dist,dbCR.crtbdevo_judi_vntl
LOW,movimientoContableCredito_type,MOVIMIENTOCONTABLECREDITO_TYPE,dbCR.crtbcred_liqd_diar,0.333,0.283,2.25,dbCR.crtbcred_part,dbCR.crtbcred_prea_whts
MEDIUM,reporteSBSGaranteCodeudor_type,REPORTESBSGARANTECODEUDOR_TYPE,dbCT.cttbrepo_gene,0.333,0.538,2.205,dbCR.crtbrepo_sobr,dbCR.crtbrepo_ocan_sapl
LOW,auxDatosCobrosAdicionalesType,AUXDATOSCOBROSADICIONALESTYPE,dbCT.cttbtran_inve_auxi,0.25,0.315,1.565,dbCG.cgtbsald_diar_auxi,dbFC.fctbafil_ahor_ccrd_auxi
LOW,seguimientoAutorizacion_type,SEGUIMIENTOAUTORIZACION_TYPE,dbCR.crtbsegi_autr_ofic,0.0,0.621,0.921,dbCR.crtbprec,dbCR.crtbconv_pago
LOW,personaCxPCxCType,PERSONACXPCXCTYPE,dbCR.crtbdsal_oper,0.0,0.619,0.919,dbCR.crtbdgar_real_sibs,dbCR.crtbdope_conc
LOW,plazoVencido_type,PLAZOVENCIDO_TYPE,dbCR.crtbcred_plzo_venc,0.0,0.639,0.639,dbCR.crtbgest_mail,dbCR.crtoblig
