agg_type,dest_table,dest_exists,#cols,pk,trg,trg_status,usp,usp_status,cfg_oracle,cfg_canonicos,wrapper_canonicos,legacy_top1,legacy_top2,legacy_top3
abonoExtraordinario_type,ABONOEXTRAORDINARIO_TYPE,True,19,ID,N,,N,,N,N,N,,,
autorizacionCreditoDetalle_type,AUTORIZACIONCREDITODETALLE_TYPE,True,25,ID,N,,N,,N,N,N,dbCG.cgtbprod_cnta_auto,dbCR.crtbdbso_auto,dbCR.crtoblig
autorizacionCredito_type,AUTORIZACIONCREDITO_TYPE,True,35,ID,N,,N,,N,N,N,dbCG.cgtbprod_cnta_auto,dbCR.crtbdbso_auto,dbCR.crtoblig
auxDatosCobrosAdicionalesType,AUXDATOSCOBROSADICIONALESTYPE,True,5,ID,N,,N,,N,N,N,dbCG.cgtbauxi,dbCG.cgtbgrup_auxi,dbCG.cgtbgrup_auxi_deta
calificacionCarteraDetalle_type,CALIFICACIONCARTERADETALLE_TYPE,True,17,ID,N,,N,,N,N,N,,,
calificacionCartera_type,CALIFICACIONCARTERA_TYPE,True,19,ID,N,,N,,N,N,N,,,
cancelacionCredito_type,CANCELACIONCREDITO_TYPE,True,11,ID,N,,N,,N,N,N,dbCR.crtoblig,dbCR.crtoblig_tmp,dbFC.sfct_tarjetas_credito
caucionCredito_type,CAUCIONCREDITO_TYPE,True,9,ID,N,,N,,N,N,N,dbCR.crtoblig,dbCR.crtoblig_tmp,dbFC.sfct_tarjetas_credito
cobranzaJudicialDetalle_type,COBRANZAJUDICIALDETALLE_TYPE,True,9,ID,N,,N,,N,N,N,dbCR.crtbcobr_judi_deta,dbCR.crtbcobr_judi_dist,dbCR.crtbtipo_cobr_judi
cobranzaJudicialDistribucion_type,COBRANZAJUDICIALDISTRIBUCION_TYPE,True,23,ID,N,,N,,N,N,N,dbCR.crtbcobr_judi_dist,dbCR.crtbcobr_judi_deta,dbCR.crtbtipo_cobr_judi
cobranzaJudicial_type,COBRANZAJUDICIAL_TYPE,True,26,ID,N,,N,,N,N,N,dbCR.crtbcobr_judi_deta,dbCR.crtbcobr_judi_dist,dbCR.crtbtipo_cobr_judi
conceptoGastoJudicialType,CONCEPTOGASTOJUDICIALTYPE,True,5,ID,N,,N,,N,N,N,dbCR.crtbccbr_cred_judi,dbCR.crtbcobr_judi_deta,dbCR.crtbcobr_judi_dist
contabilizacionCredito_type,CONTABILIZACIONCREDITO_TYPE,True,13,ID,N,,N,,N,N,N,dbCR.crtcontable,dbCR.crtoblig,dbCR.crtoblig_tmp
convenioPagoCredito_type,CONVENIOPAGOCREDITO_TYPE,True,32,ID,N,,N,,N,N,N,dbCR.crtbconv_pago,dbCG.cgtbpago_anti,dbCR.crtbconv_mora_gara
costoFinancieroCredito_type,COSTOFINANCIEROCREDITO_TYPE,True,9,ID,N,,N,,N,N,N,dbCR.crtoblig,dbCR.crtoblig_tmp,dbFC.sfct_tarjetas_credito
creditoType,CREDITOTYPE,True,84,ID,N,,N,,N,N,N,dbCR.crtoblig,dbCR.crtoblig_tmp,dbFC.sfct_tarjetas_credito
cuentaAutomaticaDetalle_type,CUENTAAUTOMATICADETALLE_TYPE,True,11,ID,N,,N,,N,N,N,dbFC.sfct_cuentas_bce,,
cuentaAutomatica_type,CUENTAAUTOMATICA_TYPE,True,15,ID,N,,N,,N,N,N,dbFC.sfct_cuentas_bce,,
cuentaCuotasType,CUENTACUOTASTYPE,True,39,ID,N,,N,,N,N,N,dbFC.sfct_cuentas_bce,,
cuentaCxPCxCType,CUENTACXPCXCTYPE,True,21,ID,N,,N,,N,N,N,dbFC.sfct_cuentas_bce,,
cuentaPersonasType,CUENTAPERSONASTYPE,True,7,ID,N,,N,,N,N,N,dbFC.sfct_cuentas_bce,,
cuentaPorCobrarType,CUENTAPORCOBRARTYPE,True,19,ID,N,,N,,N,N,N,dbFC.sfct_cuentas_bce,,
cuentaType,CUENTATYPE,True,72,ID,N,,N,,N,N,N,dbFC.sfct_cuentas_bce,,
cuentasEnLegalType,CUENTASENLEGALTYPE,True,13,ID,N,,N,,N,N,N,dbCR.crtbccbr_cred_judi,dbCR.crtbcobr_judi_deta,dbCR.crtbcobr_judi_dist
cuotaConvenio_type,CUOTACONVENIO_TYPE,True,41,ID,N,,N,,N,N,N,dbCR.crtbconv_mora_gara,dbCR.crtbconv_pago,dbCR.crtbderc_conv
cuotaCreditoType,CUOTACREDITOTYPE,True,47,ID,N,,N,,N,N,N,dbCR.crtoblig,dbCR.crtoblig_tmp,dbCR.crtplpag
desembolsoCredito_type,DESEMBOLSOCREDITO_TYPE,True,31,ID,N,,N,,N,N,N,dbCR.crtoblig,dbCR.crtoblig_tmp,dbFC.sfct_tarjetas_credito
desembolsoDevolucion_type,DESEMBOLSODEVOLUCION_TYPE,True,26,ID,N,,N,,N,N,N,dbFC.sfct_devolucion,dbFC.sfct_devolucion_detalle,
detalleRecuperacion_type,DETALLERECUPERACION_TYPE,True,9,ID,N,,N,,N,N,N,dbCR.crtbrecu_conv,dbCR.crtrecup,
devengamientoCarteraDetalle_type,DEVENGAMIENTOCARTERADETALLE_TYPE,True,14,ID,N,,N,,N,N,N,,,
devengamientoCartera_type,DEVENGAMIENTOCARTERA_TYPE,True,17,ID,N,,N,,N,N,N,,,
devolucionCredito_type,DEVOLUCIONCREDITO_TYPE,True,22,ID,N,,N,,N,N,N,dbCR.crtoblig,dbCR.crtoblig_tmp,dbFC.sfct_devolucion
devolucionMasivaDetalle_type,DEVOLUCIONMASIVADETALLE_TYPE,True,12,ID,N,,N,,N,N,N,dbFC.sfct_devolucion,dbFC.sfct_devolucion_detalle,
devolucionMasiva_type,DEVOLUCIONMASIVA_TYPE,True,21,ID,N,,N,,N,N,N,dbFC.sfct_devolucion,dbFC.sfct_devolucion_detalle,
documentoCredito_type,DOCUMENTOCREDITO_TYPE,True,5,ID,N,,N,,N,N,N,dbCG.cgtbsecu_docu_elec,dbCG.cgtbtipo_docu_cdio,dbCR.crtbdocu_cred
estadoConvenioCredito_type,ESTADOCONVENIOCREDITO_TYPE,True,4,ID,N,,N,,N,N,N,dbCR.crtbconv_mora_gara,dbCR.crtbconv_pago,dbCR.crtbderc_conv
estadoLegalType,ESTADOLEGALTYPE,True,13,ID,N,,N,,N,N,N,dbCR.crtbccbr_cred_judi,dbCR.crtbcobr_judi_deta,dbCR.crtbcobr_judi_dist
etapaJudicialCredito_type,ETAPAJUDICIALCREDITO_TYPE,True,9,ID,N,,N,,N,N,N,dbCR.crtbccbr_cred_judi,dbCR.crtbcobr_judi_deta,dbCR.crtbcobr_judi_dist
fechasProcesoType,FECHASPROCESOTYPE,True,8,ID,N,,N,,N,N,N,dbCT.cttbcons_zona_fech,dbFC.fctbafil_fech_cup_temp,
flujoTrabajoCredito_type,FLUJOTRABAJOCREDITO_TYPE,True,13,ID,N,,N,,N,N,N,dbCR.crtoblig,dbCR.crtoblig_tmp,dbFC.sfct_tarjetas_credito
garantiaCredito_type,GARANTIACREDITO_TYPE,True,38,ID,N,,N,,N,N,N,dbCG.cgtbgara_hipo_cdio,dbCG.cgtbgara_vehi_cdio,dbCR.crtbcaus_elim_gara_sibs
gestionCobranzaAsignacion_type,GESTIONCOBRANZAASIGNACION_TYPE,True,12,ID,N,,N,,N,N,N,dbCR.crtbabno_cobr_impg,dbCR.crtbalrm_cobr,dbCR.crtbalrm_cobr_excp
gestionComunicacionCredito_type,GESTIONCOMUNICACIONCREDITO_TYPE,True,47,ID,N,,N,,N,N,N,dbCR.crtoblig,dbCR.crtoblig_tmp,dbFC.sfct_tarjetas_credito
grupoCreditoDetalle_type,GRUPOCREDITODETALLE_TYPE,True,5,ID,N,,N,,N,N,N,dbCR.crtoblig,dbCR.crtoblig_tmp,dbFC.sfct_grupo_fami
grupoCreditoDocumento_type,GRUPOCREDITODOCUMENTO_TYPE,True,7,ID,N,,N,,N,N,N,dbCG.cgtbsecu_docu_elec,dbCG.cgtbtipo_docu_cdio,dbCR.crtbdocu_cred
informacionLegal_type,INFORMACIONLEGAL_TYPE,True,13,ID,N,,N,,N,N,N,dbCR.crtbccbr_cred_judi,dbCR.crtbcobr_judi_deta,dbCR.crtbcobr_judi_dist
liquidacionDiariaCredito_type,LIQUIDACIONDIARIACREDITO_TYPE,True,11,ID,N,,N,,N,N,N,dbCR.crtbcred_liqd_diar,dbCR.crtbliqd_rubr_cont,dbCR.crtboper_dref_liqd
medidaJudicialType,MEDIDAJUDICIALTYPE,True,2,ID,N,,N,,N,N,N,dbCR.crtbccbr_cred_judi,dbCR.crtbcobr_judi_deta,dbCR.crtbcobr_judi_dist
movimientoContableCredito_type,MOVIMIENTOCONTABLECREDITO_TYPE,True,3,ID,N,,N,,N,N,N,dbCR.crtoblig,dbCR.crtoblig_tmp,dbFC.fctbaudi_movi
obligacionRol_type,OBLIGACIONROL_TYPE,True,9,ID,N,,N,,N,N,N,dbCR.crtbobli_rol,dbCR.crtoper_rol,dbFC.fctbdeta_rol_ahor_ccrd
operacionConyugal_type,OPERACIONCONYUGAL_TYPE,True,6,ID,N,,N,,N,N,N,dbFC.sfct_conyuge,,
pagoCredito_type,PAGOCREDITO_TYPE,True,21,ID,N,,N,,N,N,N,dbCG.cgtbpago_anti,dbCR.crtbconv_pago,dbCR.crtbcsal_pago_ccrd
pagosCreditoType,PAGOSCREDITOTYPE,True,6,ID,N,,N,,N,N,N,dbCG.cgtbpago_anti,dbCR.crtbconv_pago,dbCR.crtbcsal_pago_ccrd
personaCreditoType,PERSONACREDITOTYPE,True,7,ID,N,,N,,N,N,N,dbCR.crtoblig,dbCR.crtoblig_tmp,dbFC.sfct_tarjetas_credito
personaCxPCxCType,PERSONACXPCXCTYPE,True,5,ID,N,,N,,N,N,N,,,
planPagoAjuste_type,PLANPAGOAJUSTE_TYPE,True,22,ID,N,,N,,N,N,N,dbCG.cgtbpago_anti,dbCR.crtbconv_pago,dbCR.crtbcsal_pago_ccrd
planPago_type,PLANPAGO_TYPE,True,43,ID,N,,N,,N,N,N,dbCG.cgtbpago_anti,dbCR.crtbconv_pago,dbCR.crtbcsal_pago_ccrd
plazoVencido_type,PLAZOVENCIDO_TYPE,True,17,ID,N,,N,,N,N,N,,,
precalificacionCredito_type,PRECALIFICACIONCREDITO_TYPE,True,25,ID,N,,N,,N,N,N,dbCR.crtoblig,dbCR.crtoblig_tmp,dbFC.sfct_tarjetas_credito
procesoAccionType,PROCESOACCIONTYPE,True,4,ID,N,,N,,N,N,N,dbCT.cttbacci_bene_APS,dbFC.fctbAPS_acci,
recuperacionConvenio_type,RECUPERACIONCONVENIO_TYPE,True,28,ID,N,,N,,N,N,N,dbCR.crtbrecu_conv,dbCR.crtbconv_mora_gara,dbCR.crtbconv_pago
recuperacionCredito_type,RECUPERACIONCREDITO_TYPE,True,25,ID,N,,N,,N,N,N,dbCR.crtbrecu_conv,dbCR.crtoblig,dbCR.crtoblig_tmp
referenciaCliente_type,REFERENCIACLIENTE_TYPE,True,13,ID,N,,N,,N,N,N,dbFC.sfct_afiliado_referencias,dbFC.sfct_referencias,
referenciaDeudor_type,REFERENCIADEUDOR_TYPE,True,13,ID,N,,N,,N,N,N,dbFC.sfct_afiliado_referencias,dbFC.sfct_referencias,
refinanciamientoCreditoType,REFINANCIAMIENTOCREDITOTYPE,True,6,ID,N,,N,,N,N,N,dbCR.crtoblig,dbCR.crtoblig_tmp,dbFC.sfct_tarjetas_credito
reporteSBSCabecera_type,REPORTESBSCABECERA_TYPE,True,13,ID,N,,N,,N,N,N,dbFC.fctbcedu_corr_esbs,dbFC.fctbcedu_exce_esbs,dbFC.fctbgenr_hmlo_sbs
reporteSBSDetalle_type,REPORTESBSDETALLE_TYPE,True,61,ID,N,,N,,N,N,N,dbFC.fctbcedu_corr_esbs,dbFC.fctbcedu_exce_esbs,dbFC.fctbgenr_hmlo_sbs
reporteSBSGaranteCodeudor_type,REPORTESBSGARANTECODEUDOR_TYPE,True,10,ID,N,,N,,N,N,N,dbFC.fctbcedu_corr_esbs,dbFC.fctbcedu_exce_esbs,dbFC.fctbgenr_hmlo_sbs
reporteSBSGarantiaReal_type,REPORTESBSGARANTIAREAL_TYPE,True,14,ID,N,,N,,N,N,N,dbCG.cgtbgara_hipo_cdio,dbCG.cgtbgara_vehi_cdio,dbCR.crtbcaus_elim_gara_sibs
reporteSBSOperacionAnterior_type,REPORTESBSOPERACIONANTERIOR_TYPE,True,7,ID,N,,N,,N,N,N,dbFC.fctbcedu_corr_esbs,dbFC.fctbcedu_exce_esbs,dbFC.fctbgenr_hmlo_sbs
reporteSBSOperacionCancelada_type,REPORTESBSOPERACIONCANCELADA_TYPE,True,7,ID,N,,N,,N,N,N,dbFC.fctbcedu_corr_esbs,dbFC.fctbcedu_exce_esbs,dbFC.fctbgenr_hmlo_sbs
reporteSBSOperacionConcedida_type,REPORTESBSOPERACIONCONCEDIDA_TYPE,True,19,ID,N,,N,,N,N,N,dbFC.fctbcedu_corr_esbs,dbFC.fctbcedu_exce_esbs,dbFC.fctbgenr_hmlo_sbs
reporteSBSSaldoOperacion_type,REPORTESBSSALDOOPERACION_TYPE,True,25,ID,N,,N,,N,N,N,dbFC.fctbcedu_corr_esbs,dbFC.fctbcedu_exce_esbs,dbFC.fctbgenr_hmlo_sbs
reporteSBSSujetoRiesgo_type,REPORTESBSSUJETORIESGO_TYPE,True,16,ID,N,,N,,N,N,N,dbFC.fctbcedu_corr_esbs,dbFC.fctbcedu_exce_esbs,dbFC.fctbgenr_hmlo_sbs
rubroCobranza_type,RUBROCOBRANZA_TYPE,True,9,ID,N,,N,,N,N,N,dbCR.crtrubros_cobr,dbCG.cgtbprvd_dseg_rubr,dbCR.crtbabno_cobr_impg
rubrosCobranzaDetalle_type,RUBROSCOBRANZADETALLE_TYPE,True,5,ID,N,,N,,N,N,N,dbCR.crtrubros_cobr,dbCG.cgtbprvd_dseg_rubr,dbCR.crtbabno_cobr_impg
saldoCarteraDetalle_type,SALDOCARTERADETALLE_TYPE,True,11,ID,N,,N,,N,N,N,,,
saldoCartera_type,SALDOCARTERA_TYPE,True,22,ID,N,,N,,N,N,N,,,
saldoCxPCxCType,SALDOCXPCXCTYPE,True,13,ID,N,,N,,N,N,N,,,
saldoVinculadoType,SALDOVINCULADOTYPE,True,7,ID,N,,N,,N,N,N,dbFC.sfct_provincia,,
seguimientoAutorizacion_type,SEGUIMIENTOAUTORIZACION_TYPE,True,16,ID,N,,N,,N,N,N,dbCG.cgtbprod_cnta_auto,dbCG.cgtbprvd_dseg,dbCG.cgtbprvd_dseg_rubr
seguroCredito_type,SEGUROCREDITO_TYPE,True,20,ID,N,,N,,N,N,N,dbCG.cgtbprvd_dseg,dbCG.cgtbprvd_dseg_rubr,dbCR.crtbcobr_segu
sobranteCaucion_type,SOBRANTECAUCIÓN_TYPE,True,5,ID,N,,N,,N,N,N,dbCR.crtbcaju_sobr,dbCR.crtbdaju_sobr,dbCR.crtbrepo_sobr
sobranteCredito_type,SOBRANTECREDITO_TYPE,True,25,ID,N,,N,,N,N,N,dbCR.crtbcaju_sobr,dbCR.crtbdaju_sobr,dbCR.crtbrepo_sobr
sobranteDistribucion_type,SOBRANTEDISTRIBUCION_TYPE,True,10,ID,N,,N,,N,N,N,dbCG.cgtbdist_cost,dbCR.crtbcaju_sobr,dbCR.crtbcobr_judi_dist
solidarioCredito_type,SOLIDARIOCREDITO_TYPE,True,8,ID,N,,N,,N,N,N,dbCR.crtoblig,dbCR.crtoblig_tmp,dbCR.crtsolid
tasaInteresCredito_type,TASAINTERESCREDITO_TYPE,True,8,ID,N,,N,,N,N,N,dbCR.crtoblig,dbCR.crtoblig_tmp,dbFC.sfct_tarjetas_credito
tipoCredito_type,TIPOCREDITO_TYPE,True,68,ID,N,,N,,N,N,N,dbCG.cgtbtipo_aval_cdio,dbCG.cgtbtipo_calc_poli,dbCG.cgtbtipo_cncl
tipoSobrante_type,TIPOSOBRANTE_TYPE,True,6,ID,N,,N,,N,N,N,dbCG.cgtbtipo_aval_cdio,dbCG.cgtbtipo_calc_poli,dbCG.cgtbtipo_cncl
transaccionRecuperacion_type,TRANSACCIONRECUPERACION_TYPE,True,31,ID,N,,N,,N,N,N,dbCR.crtbrecu_conv,dbCR.crtrecup,dbCT.cttbacci_bene_APS
unidadJudicialType,UNIDADJUDICIALTYPE,True,2,ID,N,,N,,N,N,N,dbCR.crtbccbr_cred_judi,dbCR.crtbcobr_judi_deta,dbCR.crtbcobr_judi_dist
